{
  "content": [
    {
      "id": "bylaw001",
      "elType": "section",
      "isInner": false,
      "settings": {
        "layout": "boxed",
        "padding": {
          "unit": "px",
          "top": "40",
          "right": "20",
          "bottom": "40",
          "left": "20",
          "isLinked": false
        }
      },
      "elements": [
        {
          "id": "bylaw002",
          "elType": "column",
          "isInner": false,
          "settings": {
            "_column_size": 100
          },
          "elements": [
            {
              "id": "bylaw003",
              "elType": "widget",
              "widgetType": "heading",
              "isInner": false,
              "settings": {
                "title": "OWBN Bylaws",
                "header_size": "h1",
                "align": "center"
              },
              "elements": []
            },
            {
              "id": "bylaw004",
              "elType": "widget",
              "widgetType": "text-editor",
              "isInner": false,
              "settings": {
                "editor": "Official bylaws governing the One World by Night organization.",
                "align": "center"
              },
              "elements": []
            }
          ]
        }
      ]
    },
    {
      "id": "bylaw005",
      "elType": "section",
      "isInner": false,
      "settings": {
        "layout": "boxed"
      },
      "elements": [
        {
          "id": "bylaw006",
          "elType": "column",
          "isInner": false,
          "settings": {
            "_column_size": 100
          },
          "elements": [
            {
              "id": "bylaw007",
              "elType": "widget",
              "widgetType": "bcm_bylaws",
              "isInner": false,
              "settings": {
                "bylaw_group": "character",
                "show_filter_toolbar": "yes",
                "show_print_button": "yes",
                "show_last_updated": "yes",
                "max_display_depth": 0,
                "enable_vote_tooltips": "yes"
              },
              "elements": []
            }
          ]
        }
      ]
    }
  ],
  "page_settings": {
    "post_status": "publish"
  },
  "version": "3.29.1",
  "title": "Bylaws",
  "type": "page"
}
