{
  "content": [
    {
      "id": "chron001",
      "elType": "section",
      "isInner": false,
      "settings": {
        "layout": "boxed",
        "padding": {
          "unit": "px",
          "top": "40",
          "right": "20",
          "bottom": "40",
          "left": "20",
          "isLinked": false
        }
      },
      "elements": [
        {
          "id": "chron002",
          "elType": "column",
          "isInner": false,
          "settings": {
            "_column_size": 100
          },
          "elements": [
            {
              "id": "chron003",
              "elType": "widget",
              "widgetType": "heading",
              "isInner": false,
              "settings": {
                "title": "OWBN Chronicles",
                "header_size": "h1",
                "align": "center"
              },
              "elements": []
            },
            {
              "id": "chron004",
              "elType": "widget",
              "widgetType": "text-editor",
              "isInner": false,
              "settings": {
                "editor": "Browse all active chronicles in the One World by Night network.",
                "align": "center"
              },
              "elements": []
            }
          ]
        }
      ]
    },
    {
      "id": "chron005",
      "elType": "section",
      "isInner": false,
      "settings": {
        "layout": "boxed"
      },
      "elements": [
        {
          "id": "chron006",
          "elType": "column",
          "isInner": false,
          "settings": {
            "_column_size": 100
          },
          "elements": [
            {
              "id": "chron007",
              "elType": "widget",
              "widgetType": "owc_chronicle_list",
              "isInner": false,
              "settings": {
                "show_filters": "yes",
                "columns_to_display": ["name", "location", "genre", "status", "last_updated"],
                "empty_message": "No chronicles found."
              },
              "elements": []
            }
          ]
        }
      ]
    }
  ],
  "page_settings": {
    "post_status": "publish"
  },
  "version": "3.29.1",
  "title": "Chronicle List",
  "type": "page"
}
