{
  "content": [
    {
      "id": "coord001",
      "elType": "section",
      "isInner": false,
      "settings": {
        "layout": "boxed",
        "padding": {
          "unit": "px",
          "top": "40",
          "right": "20",
          "bottom": "40",
          "left": "20",
          "isLinked": false
        }
      },
      "elements": [
        {
          "id": "coord002",
          "elType": "column",
          "isInner": false,
          "settings": {
            "_column_size": 100
          },
          "elements": [
            {
              "id": "coord003",
              "elType": "widget",
              "widgetType": "heading",
              "isInner": false,
              "settings": {
                "title": "OWBN Coordinators",
                "header_size": "h1",
                "align": "center"
              },
              "elements": []
            },
            {
              "id": "coord004",
              "elType": "widget",
              "widgetType": "text-editor",
              "isInner": false,
              "settings": {
                "editor": "Contact information for OWBN coordinators across all genres and administrative positions.",
                "align": "center"
              },
              "elements": []
            }
          ]
        }
      ]
    },
    {
      "id": "coord005",
      "elType": "section",
      "isInner": false,
      "settings": {
        "layout": "boxed"
      },
      "elements": [
        {
          "id": "coord006",
          "elType": "column",
          "isInner": false,
          "settings": {
            "_column_size": 100
          },
          "elements": [
            {
              "id": "coord007",
              "elType": "widget",
              "widgetType": "owc_coordinator_list",
              "isInner": false,
              "settings": {
                "types_to_display": ["administrative", "genre", "clan"],
                "empty_message": "No coordinators found."
              },
              "elements": []
            }
          ]
        }
      ]
    }
  ],
  "page_settings": {
    "post_status": "publish"
  },
  "version": "3.29.1",
  "title": "Coordinator List",
  "type": "page"
}
