{
  "content": [
    {
      "id": "home001",
      "elType": "section",
      "isInner": false,
      "settings": {
        "layout": "full_width",
        "stretch_section": "section-stretched",
        "background_background": "gradient",
        "background_color": "#1a1a1a",
        "background_color_b": "#2d2d2d",
        "background_gradient_angle": {
          "unit": "deg",
          "size": 135
        },
        "padding": {
          "unit": "px",
          "top": "80",
          "right": "20",
          "bottom": "80",
          "left": "20",
          "isLinked": false
        }
      },
      "elements": [
        {
          "id": "home002",
          "elType": "column",
          "isInner": false,
          "settings": {
            "_column_size": 100
          },
          "elements": [
            {
              "id": "home003",
              "elType": "widget",
              "widgetType": "heading",
              "isInner": false,
              "settings": {
                "title": "One World by Night",
                "header_size": "h1",
                "align": "center",
                "color": "#dc143c"
              },
              "elements": []
            },
            {
              "id": "home004",
              "elType": "widget",
              "widgetType": "text-editor",
              "isInner": false,
              "settings": {
                "editor": "A global network of Vampire: The Masquerade live-action role-playing chronicles.",
                "align": "center",
                "text_color": "#ffffff"
              },
              "elements": []
            },
            {
              "id": "home005",
              "elType": "widget",
              "widgetType": "button",
              "isInner": false,
              "settings": {
                "text": "Find a Chronicle",
                "link": {
                  "url": "/chronicles",
                  "is_external": ""
                },
                "align": "center",
                "button_type": "default",
                "button_text_color": "#ffffff",
                "background_color": "#dc143c"
              },
              "elements": []
            }
          ]
        }
      ]
    },
    {
      "id": "home006",
      "elType": "section",
      "isInner": false,
      "settings": {
        "layout": "boxed",
        "padding": {
          "unit": "px",
          "top": "60",
          "right": "20",
          "bottom": "60",
          "left": "20",
          "isLinked": false
        }
      },
      "elements": [
        {
          "id": "home007",
          "elType": "column",
          "isInner": false,
          "settings": {
            "_column_size": 33
          },
          "elements": [
            {
              "id": "home008",
              "elType": "widget",
              "widgetType": "icon-box",
              "isInner": false,
              "settings": {
                "icon": {
                  "value": "fas fa-users",
                  "library": "fa-solid"
                },
                "title_text": "Chronicles",
                "description_text": "Join one of our many active chronicles across North America and beyond.",
                "link": {
                  "url": "/chronicles"
                }
              },
              "elements": []
            }
          ]
        },
        {
          "id": "home009",
          "elType": "column",
          "isInner": false,
          "settings": {
            "_column_size": 33
          },
          "elements": [
            {
              "id": "home010",
              "elType": "widget",
              "widgetType": "icon-box",
              "isInner": false,
              "settings": {
                "icon": {
                  "value": "fas fa-book",
                  "library": "fa-solid"
                },
                "title_text": "Bylaws",
                "description_text": "Read our comprehensive bylaws that govern the One World by Night organization.",
                "link": {
                  "url": "/bylaws"
                }
              },
              "elements": []
            }
          ]
        },
        {
          "id": "home011",
          "elType": "column",
          "isInner": false,
          "settings": {
            "_column_size": 33
          },
          "elements": [
            {
              "id": "home012",
              "elType": "widget",
              "widgetType": "icon-box",
              "isInner": false,
              "settings": {
                "icon": {
                  "value": "fas fa-vote-yea",
                  "library": "fa-solid"
                },
                "title_text": "Voting",
                "description_text": "Participate in community decisions through our democratic voting system.",
                "link": {
                  "url": "/votes"
                }
              },
              "elements": []
            }
          ]
        }
      ]
    }
  ],
  "page_settings": {
    "post_status": "publish"
  },
  "version": "3.29.1",
  "title": "Home",
  "type": "page"
}
