{
  "content": [
    {
      "id": "vote001",
      "elType": "section",
      "isInner": false,
      "settings": {
        "layout": "boxed",
        "padding": {
          "unit": "px",
          "top": "40",
          "right": "20",
          "bottom": "40",
          "left": "20",
          "isLinked": false
        }
      },
      "elements": [
        {
          "id": "vote002",
          "elType": "column",
          "isInner": false,
          "settings": {
            "_column_size": 100
          },
          "elements": [
            {
              "id": "vote003",
              "elType": "widget",
              "widgetType": "heading",
              "isInner": false,
              "settings": {
                "title": "Active Votes",
                "header_size": "h1",
                "align": "center"
              },
              "elements": []
            },
            {
              "id": "vote004",
              "elType": "widget",
              "widgetType": "text-editor",
              "isInner": false,
              "settings": {
                "editor": "View and participate in all active OWBN votes.",
                "align": "center"
              },
              "elements": []
            }
          ]
        }
      ]
    },
    {
      "id": "vote005",
      "elType": "section",
      "isInner": false,
      "settings": {
        "layout": "boxed"
      },
      "elements": [
        {
          "id": "vote006",
          "elType": "column",
          "isInner": false,
          "settings": {
            "_column_size": 100
          },
          "elements": [
            {
              "id": "vote007",
              "elType": "widget",
              "widgetType": "wpvp_vote_list",
              "isInner": false,
              "settings": {
                "status_filter": "open",
                "vote_limit": 20,
                "show_dates": "yes",
                "show_status": "yes",
                "show_actions": "yes",
                "empty_message": "No active votes at this time."
              },
              "elements": []
            }
          ]
        }
      ]
    }
  ],
  "page_settings": {
    "post_status": "publish"
  },
  "version": "3.29.1",
  "title": "Voting",
  "type": "page"
}
